{
  "meta": {
    "num_batches": 200,
    "batch_size": 256,
    "seed": 42
  },
  "tensors": {
    "fc1_in": {
      "min_val": -0.4242129623889923,
      "max_val": 2.821486711502075,
      "num_samples": 51200
    },
    "fc1_out": {
      "min_val": 0.0,
      "max_val": 28.115568161010742,
      "num_samples": 51200
    },
    "fc2_out": {
      "min_val": 0.0,
      "max_val": 22.035085678100586,
      "num_samples": 51200
    },
    "fc3_out": {
      "min_val": 0.0,
      "max_val": 30.57501983642578,
      "num_samples": 51200
    },
    "fc4_out": {
      "min_val": -30.24307632446289,
      "max_val": 40.965938568115234,
      "num_samples": 51200
    }
  }
}