{
  "meta": {
    "num_batches": 200,
    "batch_size": 256,
    "seed": 42
  },
  "tensors": {
    "fc1_in": {
      "min_val": -0.4242129623889923,
      "max_val": 2.821486711502075,
      "num_samples": 51200
    },
    "fc1_out": {
      "min_val": 0.0,
      "max_val": 25.95648956298828,
      "num_samples": 51200
    },
    "fc2_out": {
      "min_val": 0.0,
      "max_val": 23.563945770263672,
      "num_samples": 51200
    },
    "fc3_out": {
      "min_val": 0.0,
      "max_val": 28.524595260620117,
      "num_samples": 51200
    },
    "fc4_out": {
      "min_val": -29.684141159057617,
      "max_val": 34.983970642089844,
      "num_samples": 51200
    }
  }
}